SlNo,State_Code,State,District_Key,District,Confirmed,Active,Recovered,Deceased,Migrated_Other,Delta_Confirmed,Delta_Active,Delta_Recovered,Delta_Deceased,District_Notes,Last_Updated
0,UN,State Unassigned,UN_Unassigned,Unassigned,1674,1674,0,0,0,-655,-655,0,0,,
1,AN,Andaman and Nicobar Islands,AN_Nicobars,Nicobars,0,0,0,0,0,0,0,0,0,,
2,AN,Andaman and Nicobar Islands,AN_North and Middle Andaman,North and Middle Andaman,1,0,1,0,0,0,0,0,0,,
3,AN,Andaman and Nicobar Islands,AN_South Andaman,South Andaman,51,19,32,0,0,0,0,0,0,,
0,AP,Andhra Pradesh,AP_Foreign Evacuees,Foreign Evacuees,432,103,329,0,0,0,-3,3,0,,
4,AP,Andhra Pradesh,AP_Anantapur,Anantapur,3813,1559,2205,49,0,162,103,50,9,,
5,AP,Andhra Pradesh,AP_Chittoor,Chittoor,3331,2025,1273,33,0,257,216,37,4,,
6,AP,Andhra Pradesh,AP_East Godavari,East Godavari,3362,2389,952,21,0,247,219,24,4,,
7,AP,Andhra Pradesh,AP_Guntur,Guntur,3824,1963,1829,32,0,468,279,189,0,,
8,AP,Andhra Pradesh,AP_Krishna,Krishna,2852,807,1960,85,0,108,33,73,2,,
9,AP,Andhra Pradesh,AP_Kurnool,Kurnool,4226,1880,2233,113,0,403,270,128,5,,
0,AP,Andhra Pradesh,AP_Other State,Other State,2444,427,2017,0,0,20,-83,103,0,,
10,AP,Andhra Pradesh,AP_Prakasam,Prakasam,1291,302,976,13,0,53,-27,78,2,,
11,AP,Andhra Pradesh,AP_S.P.S. Nellore,S.P.S. Nellore,1464,744,707,13,0,45,-14,58,1,,
12,AP,Andhra Pradesh,AP_Srikakulam,Srikakulam,1592,1092,485,15,0,178,172,5,1,,
13,AP,Andhra Pradesh,AP_Visakhapatnam,Visakhapatnam,1612,622,968,22,0,123,70,49,4,,
14,AP,Andhra Pradesh,AP_Vizianagaram,Vizianagaram,881,623,248,10,0,49,7,41,1,,
15,AP,Andhra Pradesh,AP_West Godavari,West Godavari,2233,1148,1053,32,0,207,184,14,9,,
16,AP,Andhra Pradesh,AP_Y.S.R. Kadapa,Y.S.R. Kadapa,2094,937,1143,14,0,112,51,59,2,,
17,AR,Arunachal Pradesh,AR_Anjaw,Anjaw,4,4,0,0,0,0,0,0,0,,
18,AR,Arunachal Pradesh,AR_Changlang,Changlang,111,33,78,0,0,0,0,0,0,,
19,AR,Arunachal Pradesh,AR_East Kameng,East Kameng,2,2,0,0,0,0,0,0,0,,
20,AR,Arunachal Pradesh,AR_East Siang,East Siang,22,12,10,0,0,0,0,0,0,,
21,AR,Arunachal Pradesh,AR_Kamle,Kamle,0,0,0,0,0,0,0,0,0,,
22,AR,Arunachal Pradesh,AR_Kra Daadi,Kra Daadi,0,0,0,0,0,0,0,0,0,,
23,AR,Arunachal Pradesh,AR_Kurung Kumey,Kurung Kumey,0,0,0,0,0,0,0,0,0,,
24,AR,Arunachal Pradesh,AR_Lepa Rada,Lepa Rada,10,9,1,0,0,2,2,0,0,,
25,AR,Arunachal Pradesh,AR_Lohit,Lohit,4,0,4,0,0,0,0,0,0,,
26,AR,Arunachal Pradesh,AR_Longding,Longding,5,3,2,0,0,0,0,0,0,,
27,AR,Arunachal Pradesh,AR_Lower Dibang Valley,Lower Dibang Valley,5,2,3,0,0,0,0,0,0,,
28,AR,Arunachal Pradesh,AR_Lower Siang,Lower Siang,5,3,2,0,0,1,1,0,0,,
29,AR,Arunachal Pradesh,AR_Lower Subansiri,Lower Subansiri,12,12,0,0,0,0,0,0,0,,
30,AR,Arunachal Pradesh,AR_Namsai,Namsai,38,30,8,0,0,14,14,0,0,,
31,AR,Arunachal Pradesh,AR_Pakke Kessang,Pakke Kessang,1,0,1,0,0,0,0,0,0,,
32,AR,Arunachal Pradesh,AR_Papum Pare,Papum Pare,232,207,24,1,0,12,12,0,0,,
33,AR,Arunachal Pradesh,AR_Shi Yomi,Shi Yomi,0,0,0,0,0,0,0,0,0,,
34,AR,Arunachal Pradesh,AR_Siang,Siang,1,1,0,0,0,0,0,0,0,,
35,AR,Arunachal Pradesh,AR_Tawang,Tawang,1,0,1,0,0,0,0,0,0,,
36,AR,Arunachal Pradesh,AR_Tirap,Tirap,6,1,5,0,0,0,0,0,0,,
37,AR,Arunachal Pradesh,AR_Upper Dibang Valley,Upper Dibang Valley,0,0,0,0,0,0,0,0,0,,
38,AR,Arunachal Pradesh,AR_Upper Siang,Upper Siang,1,0,1,0,0,0,0,0,0,,
39,AR,Arunachal Pradesh,AR_Upper Subansiri,Upper Subansiri,1,1,0,0,0,0,0,0,0,,
40,AR,Arunachal Pradesh,AR_West Kameng,West Kameng,28,15,11,2,0,0,0,0,0,,
41,AR,Arunachal Pradesh,AR_West Siang,West Siang,2,0,2,0,0,0,0,0,0,,
0,AS,Assam,AS_Airport Quarantine,Airport Quarantine,4,4,0,0,0,0,0,0,0,,
42,AS,Assam,AS_Baksa,Baksa,85,84,0,1,0,0,0,0,0,,
43,AS,Assam,AS_Barpeta,Barpeta,467,126,340,1,0,0,0,0,0,,
44,AS,Assam,AS_Biswanath,Biswanath,58,42,16,0,0,0,0,0,0,,
45,AS,Assam,AS_Bongaigaon,Bongaigaon,155,68,87,0,0,0,0,0,0,,
46,AS,Assam,AS_Cachar,Cachar,351,102,249,0,0,0,0,0,0,,
47,AS,Assam,AS_Charaideo,Charaideo,16,16,0,0,0,0,0,0,0,,
48,AS,Assam,AS_Chirang,Chirang,78,26,52,0,0,0,0,0,0,,
49,AS,Assam,AS_Darrang,Darrang,430,169,261,0,0,0,0,0,0,,
50,AS,Assam,AS_Dhemaji,Dhemaji,96,90,6,0,0,0,0,0,0,,
51,AS,Assam,AS_Dhubri,Dhubri,490,80,410,0,0,0,0,0,0,,
52,AS,Assam,AS_Dibrugarh,Dibrugarh,334,177,156,1,0,0,0,0,0,,
53,AS,Assam,AS_Dima Hasao,Dima Hasao,136,20,116,0,0,0,0,0,0,,
54,AS,Assam,AS_Goalpara,Goalpara,57,38,4,0,0,0,0,0,0,,
55,AS,Assam,AS_Golaghat,Golaghat,616,62,553,1,0,0,0,0,0,,
56,AS,Assam,AS_Hailakandi,Hailakandi,540,157,381,2,0,0,0,0,0,,
57,AS,Assam,AS_Hojai,Hojai,267,104,163,0,0,0,0,0,0,,
58,AS,Assam,AS_Jorhat,Jorhat,228,117,110,1,0,0,0,0,0,,
59,AS,Assam,AS_Kamrup,Kamrup,215,150,63,2,0,0,0,0,0,,
60,AS,Assam,AS_Kamrup Metropolitan,Kamrup Metropolitan,8832,4220,4587,25,0,649,648,0,1,,
61,AS,Assam,AS_Karbi Anglong,Karbi Anglong,223,33,187,3,0,0,0,0,0,,
62,AS,Assam,AS_Karimganj,Karimganj,211,70,141,0,0,0,0,0,0,,
63,AS,Assam,AS_Kokrajhar,Kokrajhar,86,76,10,0,0,0,0,0,0,,
64,AS,Assam,AS_Lakhimpur,Lakhimpur,202,77,125,0,0,0,0,0,0,,
65,AS,Assam,AS_Majuli,Majuli,21,21,0,0,0,0,0,0,0,,
66,AS,Assam,AS_Morigaon,Morigaon,211,71,140,0,0,0,0,0,0,,
67,AS,Assam,AS_Nagaon,Nagaon,330,221,107,2,0,0,0,0,0,,
68,AS,Assam,AS_Nalbari,Nalbari,145,102,43,0,0,0,0,0,0,,
0,AS,Assam,AS_Other State,Other State,1,0,1,0,0,0,0,0,0,,
69,AS,Assam,AS_Sivasagar,Sivasagar,33,6,26,1,0,0,0,0,0,,
70,AS,Assam,AS_Sonitpur,Sonitpur,468,136,331,1,0,0,0,0,0,,
71,AS,Assam,AS_South Salmara Mankachar,South Salmara Mankachar,28,16,12,0,0,0,0,0,0,,
72,AS,Assam,AS_Tinsukia,Tinsukia,291,180,109,2,0,0,-1,0,1,,
73,AS,Assam,AS_Udalguri,Udalguri,236,25,210,1,0,0,0,0,0,,
74,AS,Assam,AS_West Karbi Anglong,West Karbi Anglong,28,28,0,0,0,0,0,0,0,,
75,BR,Bihar,BR_Araria,Araria,213,66,145,2,0,17,8,9,0,,
76,BR,Bihar,BR_Arwal,Arwal,202,72,129,1,0,9,-1,10,0,,
77,BR,Bihar,BR_Aurangabad,Aurangabad,348,21,325,2,0,10,-9,18,1,,
78,BR,Bihar,BR_Banka,Banka,320,57,263,0,0,9,2,7,0,,
79,BR,Bihar,BR_Begusarai,Begusarai,1002,476,519,7,0,75,73,1,1,,
80,BR,Bihar,BR_Bhagalpur,Bhagalpur,1259,555,691,13,0,125,74,50,1,,
81,BR,Bihar,BR_Bhojpur,Bhojpur,432,90,338,4,0,14,-5,19,0,,
82,BR,Bihar,BR_Buxar,Buxar,352,109,243,0,0,17,16,1,0,,
83,BR,Bihar,BR_Darbhanga,Darbhanga,429,50,369,10,0,9,4,5,0,,
101,BR,Bihar,BR_East Champaran,East Champaran,491,86,399,6,0,21,-89,110,0,,
84,BR,Bihar,BR_Gaya,Gaya,565,248,308,9,0,43,37,4,2,,
85,BR,Bihar,BR_Gopalganj,Gopalganj,516,120,395,1,0,23,6,17,0,,
86,BR,Bihar,BR_Jamui,Jamui,236,124,111,1,0,4,-2,6,0,,
87,BR,Bihar,BR_Jehanabad,Jehanabad,366,73,290,3,0,5,-3,8,0,,
88,BR,Bihar,BR_Kaimur,Kaimur,275,39,233,3,0,25,5,20,0,,
89,BR,Bihar,BR_Katihar,Katihar,533,84,448,1,0,32,26,6,0,,
90,BR,Bihar,BR_Khagaria,Khagaria,554,205,345,4,0,80,73,7,0,,
91,BR,Bihar,BR_Kishanganj,Kishanganj,259,44,213,2,0,12,11,1,0,,
92,BR,Bihar,BR_Lakhisarai,Lakhisarai,265,109,156,0,0,10,10,0,0,,
93,BR,Bihar,BR_Madhepura,Madhepura,286,49,236,1,0,3,1,2,0,,
94,BR,Bihar,BR_Madhubani,Madhubani,668,117,549,2,0,1,-7,8,0,,
95,BR,Bihar,BR_Munger,Munger,726,304,417,5,0,32,24,6,2,,
96,BR,Bihar,BR_Muzaffarpur,Muzaffarpur,900,305,589,6,0,59,39,20,0,,
97,BR,Bihar,BR_Nalanda,Nalanda,696,250,439,7,0,37,34,3,0,,
98,BR,Bihar,BR_Nawada,Nawada,711,288,419,4,0,52,47,4,1,,
100,BR,Bihar,BR_Patna,Patna,2501,1123,1355,23,0,242,178,59,5,,
102,BR,Bihar,BR_Purnia,Purnia,408,42,365,1,0,24,8,16,0,,
103,BR,Bihar,BR_Rohtas,Rohtas,559,137,416,6,0,37,24,13,0,,
104,BR,Bihar,BR_Saharsa,Saharsa,335,50,284,1,0,13,-3,16,0,,
105,BR,Bihar,BR_Samastipur,Samastipur,538,136,395,7,0,34,18,16,0,,
106,BR,Bihar,BR_Saran,Saran,426,108,312,6,0,4,-7,10,1,,
107,BR,Bihar,BR_Sheikhpura,Sheikhpura,228,63,165,0,0,13,12,1,0,,
108,BR,Bihar,BR_Sheohar,Sheohar,128,21,106,1,0,9,5,4,0,,
109,BR,Bihar,BR_Sitamarhi,Sitamarhi,196,47,146,3,0,4,4,0,0,,
110,BR,Bihar,BR_Siwan,Siwan,856,338,512,6,0,90,67,23,0,,
111,BR,Bihar,BR_Supaul,Supaul,398,74,324,0,0,8,-5,13,0,,
112,BR,Bihar,BR_Vaishali,Vaishali,418,159,255,4,0,25,25,0,0,,
99,BR,Bihar,BR_West Champaran,West Champaran,578,244,329,5,0,93,92,1,0,,
113,CH,Chandigarh,CH_Chandigarh,Chandigarh,619,149,459,11,0,19,5,13,1,,
0,CT,Chhattisgarh,CT_Other State,Other State,3,1,1,1,0,0,0,0,0,,
114,CT,Chhattisgarh,CT_Balod,Balod,68,13,55,0,0,1,1,0,0,,
115,CT,Chhattisgarh,CT_Baloda Bazar,Baloda Bazar,297,42,255,0,0,1,-7,8,0,,
116,CT,Chhattisgarh,CT_Balrampur,Balrampur,163,16,147,0,0,1,0,1,0,,
117,CT,Chhattisgarh,CT_Bametara,Bametara,91,19,72,0,0,3,2,1,0,,
118,CT,Chhattisgarh,CT_Bastar,Bastar,65,12,52,1,0,0,-8,8,0,,
119,CT,Chhattisgarh,CT_Bijapur,Bijapur,18,13,5,0,0,0,0,0,0,,
120,CT,Chhattisgarh,CT_Bilaspur,Bilaspur,318,77,239,2,0,9,9,0,0,,
121,CT,Chhattisgarh,CT_Dakshin Bastar Dantewada,Dakshin Bastar Dantewada,59,27,32,0,0,7,2,5,0,,
122,CT,Chhattisgarh,CT_Dhamtari,Dhamtari,24,16,7,1,0,6,6,0,0,,
123,CT,Chhattisgarh,CT_Durg,Durg,247,73,170,4,0,17,17,0,0,,
124,CT,Chhattisgarh,CT_Gariaband,Gariaband,60,13,47,0,0,2,2,0,0,,
125,CT,Chhattisgarh,CT_Janjgir Champa,Janjgir Champa,305,47,257,1,0,6,-1,7,0,,
126,CT,Chhattisgarh,CT_Jashpur,Jashpur,192,3,189,0,0,0,0,0,0,,
127,CT,Chhattisgarh,CT_Kabeerdham,Kabeerdham,117,7,110,0,0,-1,0,-1,0,,
128,CT,Chhattisgarh,CT_Kondagaon,Kondagaon,14,9,5,0,0,6,6,0,0,,
129,CT,Chhattisgarh,CT_Korba,Korba,345,32,313,0,0,1,1,0,0,,
130,CT,Chhattisgarh,CT_Koriya,Koriya,78,15,63,0,0,1,1,0,0,,
131,CT,Chhattisgarh,CT_Mahasamund,Mahasamund,92,2,89,1,0,1,1,0,0,,
132,CT,Chhattisgarh,CT_Mungeli,Mungeli,132,9,123,0,0,0,0,0,0,,
133,CT,Chhattisgarh,CT_Narayanpur,Narayanpur,135,103,32,0,0,19,18,1,0,,
134,CT,Chhattisgarh,CT_Raigarh,Raigarh,150,7,141,2,0,0,-6,6,0,,
135,CT,Chhattisgarh,CT_Raipur,Raipur,918,504,410,4,0,77,77,0,0,,
136,CT,Chhattisgarh,CT_Rajnandgaon,Rajnandgaon,391,59,330,2,0,6,6,0,0,,
137,CT,Chhattisgarh,CT_Sukma,Sukma,25,20,5,0,0,1,1,0,0,,
138,CT,Chhattisgarh,CT_Surajpur,Surajpur,32,3,29,0,0,0,-3,3,0,,
139,CT,Chhattisgarh,CT_Surguja,Surguja,116,49,66,1,0,9,1,8,0,,
140,CT,Chhattisgarh,CT_Uttar Bastar Kanker,Uttar Bastar Kanker,92,18,74,0,0,2,1,1,0,,
766,CT,Chhattisgarh,CT_Gaurela Pendra Marwahi,Gaurela Pendra Marwahi,9,3,6,0,0,2,1,1,0,,
144,DL,Delhi,DL_Central Delhi,Central Delhi,184,184,0,0,0,0,0,0,0,,
145,DL,Delhi,DL_East Delhi,East Delhi,38,38,0,0,0,0,0,0,0,,
146,DL,Delhi,DL_New Delhi,New Delhi,37,37,0,0,0,0,0,0,0,,
147,DL,Delhi,DL_North Delhi,North Delhi,60,60,0,0,0,0,0,0,0,,
148,DL,Delhi,DL_North East Delhi,North East Delhi,25,25,0,0,0,0,0,0,0,,
149,DL,Delhi,DL_North West Delhi,North West Delhi,32,31,0,1,0,0,0,0,0,,
150,DL,Delhi,DL_Shahdara,Shahdara,48,48,0,0,0,0,0,0,0,,
151,DL,Delhi,DL_South Delhi,South Delhi,70,70,0,0,0,0,0,0,0,,
152,DL,Delhi,DL_South East Delhi,South East Delhi,130,130,0,0,0,0,0,0,0,,
153,DL,Delhi,DL_South West Delhi,South West Delhi,42,42,0,0,0,0,0,0,0,,
154,DL,Delhi,DL_West Delhi,West Delhi,122,122,0,0,0,0,0,0,0,,
0,DN,Dadra and Nagar Haveli and Daman and Diu,DN_Other State,Other State,0,0,0,0,0,0,0,0,0,,
141,DN,Dadra and Nagar Haveli and Daman and Diu,DN_Dadra and Nagar Haveli,Dadra and Nagar Haveli,244,69,171,1,3,4,-8,11,1,,
142,DN,Dadra and Nagar Haveli and Daman and Diu,DN_Daman,Daman,288,101,185,1,1,12,-5,17,0,,
143,DN,Dadra and Nagar Haveli and Daman and Diu,DN_Diu,Diu,26,8,15,0,3,1,1,0,0,,
0,GA,Goa,GA_Other State,Other State,155,129,26,0,0,3,3,0,0,"Travelled by Road,Train,Flight",
155,GA,Goa,GA_North Goa,North Goa,643,359,281,3,0,40,11,29,0,,
156,GA,Goa,GA_South Goa,South Goa,1482,771,696,15,0,132,117,15,0,,
0,GJ,Gujarat,GJ_Other State,Other State,86,25,60,1,0,0,-8,8,0,,
157,GJ,Gujarat,GJ_Ahmedabad,Ahmedabad,23599,3633,18439,1527,0,173,-41,212,2,,
158,GJ,Gujarat,GJ_Amreli,Amreli,194,95,90,9,0,14,12,2,0,,
159,GJ,Gujarat,GJ_Anand,Anand,325,27,285,13,0,8,-4,12,0,,
160,GJ,Gujarat,GJ_Aravalli,Aravalli,258,18,216,24,0,4,2,2,0,,
161,GJ,Gujarat,GJ_Banaskantha,Banaskantha,380,80,284,16,0,11,11,0,0,,
162,GJ,Gujarat,GJ_Bharuch,Bharuch,472,190,271,11,0,14,-11,25,0,,
163,GJ,Gujarat,GJ_Bhavnagar,Bhavnagar,748,500,233,15,0,61,54,6,1,,
164,GJ,Gujarat,GJ_Botad,Botad,129,40,86,3,0,4,-1,5,0,,
165,GJ,Gujarat,GJ_Chhota Udaipur,Chhota Udaipur,85,27,56,2,0,0,0,0,0,,
167,GJ,Gujarat,GJ_Dahod,Dahod,183,120,61,2,0,12,7,5,0,,
187,GJ,Gujarat,GJ_Dang,Dang,7,3,4,0,0,0,0,0,0,,
166,GJ,Gujarat,GJ_Devbhumi Dwarka,Devbhumi Dwarka,29,3,23,3,0,0,0,0,0,,
168,GJ,Gujarat,GJ_Gandhinagar,Gandhinagar,974,262,677,35,0,30,17,12,1,,
169,GJ,Gujarat,GJ_Gir Somnath,Gir Somnath,149,94,54,1,0,10,7,3,0,,
170,GJ,Gujarat,GJ_Jamnagar,Jamnagar,393,181,203,9,0,13,6,7,0,,
171,GJ,Gujarat,GJ_Junagadh,Junagadh,426,192,228,6,0,43,-2,45,0,,
173,GJ,Gujarat,GJ_Kheda,Kheda,359,126,218,15,0,24,11,13,0,,
172,GJ,Gujarat,GJ_Kutch,Kutch,273,103,163,7,0,14,11,3,0,,
175,GJ,Gujarat,GJ_Mahisagar,Mahisagar,195,59,134,2,0,9,2,7,0,,
174,GJ,Gujarat,GJ_Mehsana,Mehsana,489,261,213,15,0,17,10,7,0,,
176,GJ,Gujarat,GJ_Morbi,Morbi,122,69,49,4,0,14,7,7,0,,
177,GJ,Gujarat,GJ_Narmada,Narmada,118,22,96,0,0,6,5,1,0,,
178,GJ,Gujarat,GJ_Navsari,Navsari,288,130,156,2,0,8,2,5,1,,
179,GJ,Gujarat,GJ_Panchmahal,Panchmahal,263,58,190,15,0,6,3,3,0,,
180,GJ,Gujarat,GJ_Patan,Patan,304,69,216,19,0,9,-3,12,0,,
181,GJ,Gujarat,GJ_Porbandar,Porbandar,30,6,22,2,0,0,-1,1,0,,
182,GJ,Gujarat,GJ_Rajkot,Rajkot,767,517,232,18,0,54,54,0,0,,
183,GJ,Gujarat,GJ_Sabarkantha,Sabarkantha,274,88,178,8,0,9,1,8,0,,
184,GJ,Gujarat,GJ_Surat,Surat,8642,2977,5436,229,0,236,8,223,5,,
185,GJ,Gujarat,GJ_Surendranagar,Surendranagar,380,226,144,10,0,32,31,1,0,,
186,GJ,Gujarat,GJ_Tapi,Tapi,53,21,32,0,0,3,-6,9,0,,
188,GJ,Gujarat,GJ_Vadodara,Vadodara,3279,787,2440,52,0,77,-61,138,0,,
189,GJ,Gujarat,GJ_Valsad,Valsad,375,213,157,5,0,10,1,9,0,,
212,HP,Himachal Pradesh,HP_Bilaspur,Bilaspur,63,22,41,0,0,11,8,3,0,,
213,HP,Himachal Pradesh,HP_Chamba,Chamba,71,16,54,0,1,3,0,3,0,,
214,HP,Himachal Pradesh,HP_Hamirpur,Hamirpur,276,12,261,3,0,0,-19,19,0,,
215,HP,Himachal Pradesh,HP_Kangra,Kangra,314,38,273,3,0,0,-3,3,0,Death of Tibetan refugee on March 22 included in Kangra district's tally,
216,HP,Himachal Pradesh,HP_Kinnaur,Kinnaur,36,29,7,0,0,0,0,0,0,,
217,HP,Himachal Pradesh,HP_Kullu,Kullu,14,9,5,0,0,6,6,0,0,,
218,HP,Himachal Pradesh,HP_Lahaul and Spiti,Lahaul and Spiti,4,1,3,0,0,0,0,0,0,,
219,HP,Himachal Pradesh,HP_Mandi,Mandi,40,8,30,2,0,0,0,0,0,,
220,HP,Himachal Pradesh,HP_Shimla,Shimla,62,18,41,2,1,0,0,0,0,,
221,HP,Himachal Pradesh,HP_Sirmaur,Sirmaur,47,7,33,0,7,1,1,0,0,,
222,HP,Himachal Pradesh,HP_Solan,Solan,268,160,104,0,4,9,9,0,0,,
223,HP,Himachal Pradesh,HP_Una,Una,146,32,114,0,0,2,2,0,0,,
0,HR,Haryana,HR_Foreign Evacuees,Foreign Evacuees,21,0,21,0,0,0,0,0,0,,
190,HR,Haryana,HR_Ambala,Ambala,691,251,434,6,0,33,-2,35,0,,
191,HR,Haryana,HR_Bhiwani,Bhiwani,689,149,535,5,0,8,-10,17,1,,
192,HR,Haryana,HR_Charkhi Dadri,Charkhi Dadri,101,21,79,1,0,3,3,0,0,,
193,HR,Haryana,HR_Faridabad,Faridabad,5881,1036,4741,104,0,216,143,70,3,,
194,HR,Haryana,HR_Fatehabad,Fatehabad,178,51,126,1,0,31,21,10,0,,
195,HR,Haryana,HR_Gurugram,Gurugram,7208,1020,6078,110,0,82,-64,145,1,,
196,HR,Haryana,HR_Hisar,Hisar,509,221,281,7,0,34,-5,39,0,,
0,HR,Haryana,HR_Italians,Italians,14,0,14,0,0,0,0,0,0,,
197,HR,Haryana,HR_Jhajjar,Jhajjar,539,190,345,4,0,9,9,0,0,,
198,HR,Haryana,HR_Jind,Jind,156,39,113,4,0,3,3,0,0,,
199,HR,Haryana,HR_Kaithal,Kaithal,162,45,117,0,0,10,9,1,0,,
200,HR,Haryana,HR_Karnal,Karnal,563,155,400,8,0,19,4,15,0,,
201,HR,Haryana,HR_Kurukshetra,Kurukshetra,215,59,155,1,0,8,8,0,0,,
202,HR,Haryana,HR_Mahendragarh,Mahendragarh,519,221,297,1,0,7,-9,16,0,,
203,HR,Haryana,HR_Nuh,Nuh,367,109,254,4,0,19,10,8,1,,
204,HR,Haryana,HR_Palwal,Palwal,555,141,408,6,0,26,13,13,0,,
205,HR,Haryana,HR_Panchkula,Panchkula,179,59,120,0,0,24,23,1,0,,
206,HR,Haryana,HR_Panipat,Panipat,423,182,233,8,0,8,-8,15,1,,
207,HR,Haryana,HR_Rewari,Rewari,735,275,454,6,0,25,-17,42,0,,
208,HR,Haryana,HR_Rohtak,Rohtak,1064,359,689,16,0,36,-54,90,0,,
209,HR,Haryana,HR_Sirsa,Sirsa,230,82,147,1,0,7,-10,17,0,,
210,HR,Haryana,HR_Sonipat,Sonipat,2170,629,1517,24,0,66,23,43,0,,
211,HR,Haryana,HR_Yamunanagar,Yamunanagar,137,26,109,2,0,4,4,0,0,,
246,JH,Jharkhand,JH_Bokaro,Bokaro,93,46,45,2,0,0,0,0,0,,
247,JH,Jharkhand,JH_Chatra,Chatra,135,79,56,0,0,5,1,4,0,,
248,JH,Jharkhand,JH_Deoghar,Deoghar,89,41,47,1,0,1,-1,2,0,,
249,JH,Jharkhand,JH_Dhanbad,Dhanbad,320,135,178,7,0,14,-9,23,0,,
250,JH,Jharkhand,JH_Dumka,Dumka,28,16,12,0,0,6,4,2,0,,
264,JH,Jharkhand,JH_East Singhbhum,East Singhbhum,722,392,325,5,0,22,21,0,1,,
251,JH,Jharkhand,JH_Garhwa,Garhwa,182,85,97,0,0,27,27,0,0,,
252,JH,Jharkhand,JH_Giridih,Giridih,171,72,96,3,0,23,23,0,0,,
253,JH,Jharkhand,JH_Godda,Godda,31,22,8,1,0,2,2,0,0,,
254,JH,Jharkhand,JH_Gumla,Gumla,132,33,98,1,0,2,2,0,0,,
255,JH,Jharkhand,JH_Hazaribagh,Hazaribagh,361,161,196,4,0,61,60,0,1,,
256,JH,Jharkhand,JH_Jamtara,Jamtara,36,8,28,0,0,1,1,0,0,,
257,JH,Jharkhand,JH_Khunti,Khunti,37,5,31,1,0,1,1,0,0,,
258,JH,Jharkhand,JH_Koderma,Koderma,308,108,198,2,0,0,-7,7,0,,
259,JH,Jharkhand,JH_Latehar,Latehar,141,86,55,0,0,23,23,0,0,,
260,JH,Jharkhand,JH_Lohardaga,Lohardaga,124,66,58,0,0,15,15,0,0,,
261,JH,Jharkhand,JH_Pakur,Pakur,104,73,31,0,0,0,0,0,0,,
262,JH,Jharkhand,JH_Palamu,Palamu,105,15,90,0,0,7,-3,10,0,,
265,JH,Jharkhand,JH_Ramgarh,Ramgarh,228,98,130,0,0,30,30,0,0,,
266,JH,Jharkhand,JH_Ranchi,Ranchi,565,344,213,8,0,71,69,2,0,,
267,JH,Jharkhand,JH_Sahibganj,Sahibganj,60,39,19,2,0,11,9,2,0,,
268,JH,Jharkhand,JH_Saraikela-Kharsawan,Saraikela-Kharsawan,111,53,58,0,0,4,-1,5,0,,
269,JH,Jharkhand,JH_Simdega,Simdega,371,12,358,1,0,1,1,0,0,,
263,JH,Jharkhand,JH_West Singhbhum,West Singhbhum,108,50,58,0,0,10,10,0,0,,
224,JK,Jammu and Kashmir,JK_Anantnag,Anantnag,933,280,638,15,0,73,32,41,0,,
226,JK,Jammu and Kashmir,JK_Bandipora,Bandipora,419,120,296,3,0,18,17,1,0,,
227,JK,Jammu and Kashmir,JK_Baramulla,Baramulla,1381,766,572,43,0,44,39,0,5,,
225,JK,Jammu and Kashmir,JK_Budgam,Budgam,628,282,331,15,0,42,30,11,1,,
228,JK,Jammu and Kashmir,JK_Doda,Doda,152,72,78,2,0,4,-2,6,0,,
229,JK,Jammu and Kashmir,JK_Ganderbal,Ganderbal,211,107,100,4,0,6,6,0,0,,
230,JK,Jammu and Kashmir,JK_Jammu,Jammu,539,184,344,11,0,15,15,0,0,,
231,JK,Jammu and Kashmir,JK_Kathua,Kathua,326,96,229,1,0,0,0,0,0,,
232,JK,Jammu and Kashmir,JK_Kishtwar,Kishtwar,58,31,27,0,0,3,3,0,0,,
233,JK,Jammu and Kashmir,JK_Kulgam,Kulgam,1076,374,679,23,0,48,46,1,1,,
234,JK,Jammu and Kashmir,JK_Kupwara,Kupwara,815,282,522,11,0,10,-6,16,0,,
235,JK,Jammu and Kashmir,JK_Mirpur,Mirpur,0,0,0,0,0,0,0,0,0,,
236,JK,Jammu and Kashmir,JK_Muzaffarabad,Muzaffarabad,0,0,0,0,0,0,0,0,0,,
237,JK,Jammu and Kashmir,JK_Pulwama,Pulwama,742,359,375,8,0,41,37,3,1,,
238,JK,Jammu and Kashmir,JK_Punch,Punch,148,26,121,1,0,1,1,0,0,,
239,JK,Jammu and Kashmir,JK_Rajouri,Rajouri,288,189,98,1,0,3,-2,5,0,,
240,JK,Jammu and Kashmir,JK_Ramban,Ramban,277,68,209,0,0,6,6,0,0,,
241,JK,Jammu and Kashmir,JK_Reasi,Reasi,60,21,39,0,0,0,0,0,0,,
242,JK,Jammu and Kashmir,JK_Samba,Samba,293,148,144,1,0,24,24,0,0,,
243,JK,Jammu and Kashmir,JK_Shopiyan,Shopiyan,930,206,707,17,0,1,-7,8,0,,
244,JK,Jammu and Kashmir,JK_Srinagar,Srinagar,2086,1488,549,49,0,153,131,19,3,,
245,JK,Jammu and Kashmir,JK_Udhampur,Udhampur,304,24,279,1,0,1,-2,3,0,,
270,KA,Karnataka,KA_Bagalkote,Bagalkote,548,320,208,20,0,34,31,0,3,,
271,KA,Karnataka,KA_Ballari,Ballari,2023,874,1102,47,0,136,75,61,0,,
272,KA,Karnataka,KA_Belagavi,Belagavi,602,226,362,14,0,41,41,0,0,,
274,KA,Karnataka,KA_Bengaluru Rural,Bengaluru Rural,409,356,46,7,0,10,10,0,0,,
273,KA,Karnataka,KA_Bengaluru Urban,Bengaluru Urban,22942,17049,5456,436,1,1973,1450,463,60,,
275,KA,Karnataka,KA_Bidar,Bidar,1138,417,667,54,0,35,-20,55,0,,
276,KA,Karnataka,KA_Chamarajanagara,Chamarajanagara,196,83,110,3,0,8,-9,17,0,,
277,KA,Karnataka,KA_Chikkaballapura,Chikkaballapura,490,225,249,15,1,32,-5,35,2,,
278,KA,Karnataka,KA_Chikkamagaluru,Chikkamagaluru,170,58,105,7,0,13,4,8,1,,
279,KA,Karnataka,KA_Chitradurga,Chitradurga,133,58,74,1,0,12,11,0,1,,
280,KA,Karnataka,KA_Dakshina Kannada,Dakshina Kannada,2520,1566,907,45,2,76,55,21,0,,
281,KA,Karnataka,KA_Davanagere,Davanagere,633,128,483,22,0,35,20,15,0,,
282,KA,Karnataka,KA_Dharwad,Dharwad,1400,873,483,44,0,141,104,32,5,,
283,KA,Karnataka,KA_Gadag,Gadag,370,166,194,10,0,39,23,16,0,,
284,KA,Karnataka,KA_Hassan,Hassan,739,266,451,22,0,25,11,14,0,,
285,KA,Karnataka,KA_Haveri,Haveri,313,124,182,7,0,6,6,0,0,,
286,KA,Karnataka,KA_Kalaburagi,Kalaburagi,2380,823,1520,37,0,67,66,1,0,,
287,KA,Karnataka,KA_Kodagu,Kodagu,218,147,68,3,0,23,23,0,0,,
288,KA,Karnataka,KA_Kolar,Kolar,332,198,132,2,0,15,7,8,0,,
289,KA,Karnataka,KA_Koppal,Koppal,357,216,136,5,0,14,-9,23,0,,
290,KA,Karnataka,KA_Mandya,Mandya,787,234,552,1,0,31,11,19,1,,
291,KA,Karnataka,KA_Mysuru,Mysuru,1190,640,503,47,0,99,88,5,6,,
0,KA,Karnataka,KA_Other State,Other State,36,1,32,3,0,0,0,0,0,,
292,KA,Karnataka,KA_Raichur,Raichur,814,318,483,13,0,26,16,8,2,,
293,KA,Karnataka,KA_Ramanagara,Ramanagara,392,202,181,9,0,3,-26,28,1,,
294,KA,Karnataka,KA_Shivamogga,Shivamogga,559,310,238,11,0,29,19,9,1,,
295,KA,Karnataka,KA_Tumakuru,Tumakuru,552,364,172,16,0,24,-2,25,1,,
296,KA,Karnataka,KA_Udupi,Udupi,1787,413,1371,3,0,52,30,22,0,,
297,KA,Karnataka,KA_Uttara Kannada,Uttara Kannada,746,430,308,8,0,48,-2,47,3,,
298,KA,Karnataka,KA_Vijayapura,Vijayapura,976,303,654,19,0,80,80,0,0,,
299,KA,Karnataka,KA_Yadgir,Yadgir,1501,462,1038,1,0,49,-95,144,0,,
0,KL,Kerala,KL_Other State,Other State,0,0,0,0,0,0,0,0,0,,
300,KL,Kerala,KL_Alappuzha,Alappuzha,818,537,277,3,1,20,20,0,0,,
301,KL,Kerala,KL_Ernakulam,Ernakulam,664,447,213,3,1,72,71,1,0,,
302,KL,Kerala,KL_Idukki,Idukki,266,171,94,1,0,55,51,3,1,,
303,KL,Kerala,KL_Kannur,Kannur,799,319,474,6,0,35,25,10,0,,
304,KL,Kerala,KL_Kasaragod,Kasaragod,768,308,460,0,0,74,57,17,0,,
305,KL,Kerala,KL_Kollam,Kollam,563,233,327,3,0,11,3,8,0,,
306,KL,Kerala,KL_Kottayam,Kottayam,389,173,215,1,0,25,12,13,0,,
307,KL,Kerala,KL_Kozhikode,Kozhikode,541,256,283,2,0,64,49,15,0,,
308,KL,Kerala,KL_Malappuram,Malappuram,1113,555,553,5,0,18,-26,44,0,,
309,KL,Kerala,KL_Palakkad,Palakkad,947,274,671,1,1,19,-34,53,0,,
310,KL,Kerala,KL_Pathanamthitta,Pathanamthitta,645,333,311,0,1,64,45,19,0,,
311,KL,Kerala,KL_Thiruvananthapuram,Thiruvananthapuram,1163,922,235,6,0,157,146,11,0,,
312,KL,Kerala,KL_Thrissur,Thrissur,678,251,423,4,0,5,4,1,0,,
313,KL,Kerala,KL_Wayanad,Wayanad,200,101,98,1,0,4,3,1,0,,
314,LA,Ladakh,LA_Kargil,Kargil,725,29,696,0,0,0,-1,1,0,,
315,LA,Ladakh,LA_Leh,Leh,417,148,268,1,0,14,-3,17,0,,
316,LD,Lakshadweep,LD_Lakshadweep,Lakshadweep,0,0,0,0,0,0,0,0,0,,
369,MH,Maharashtra,MH_Ahmednagar,Ahmednagar,1029,433,570,26,0,49,43,6,0,,
370,MH,Maharashtra,MH_Akola,Akola,1906,258,1552,95,1,6,1,5,0,,
371,MH,Maharashtra,MH_Amravati,Amravati,989,292,659,38,0,73,60,12,1,,
372,MH,Maharashtra,MH_Aurangabad,Aurangabad,8821,3828,4643,350,0,162,3,154,5,,
374,MH,Maharashtra,MH_Beed,Beed,248,119,124,5,0,7,7,0,0,,
373,MH,Maharashtra,MH_Bhandara,Bhandara,175,78,95,2,0,0,-5,5,0,,
375,MH,Maharashtra,MH_Buldhana,Buldhana,434,201,216,17,0,14,14,0,0,,
376,MH,Maharashtra,MH_Chandrapur,Chandrapur,192,86,106,0,0,8,4,4,0,,
377,MH,Maharashtra,MH_Dhule,Dhule,1688,656,949,81,2,78,-10,85,3,,
378,MH,Maharashtra,MH_Gadchiroli,Gadchiroli,153,74,78,1,0,17,10,7,0,,
379,MH,Maharashtra,MH_Gondia,Gondia,220,54,163,3,0,3,2,1,0,,
380,MH,Maharashtra,MH_Hingoli,Hingoli,368,75,291,2,0,24,19,5,0,,
381,MH,Maharashtra,MH_Jalgaon,Jalgaon,6576,2433,3768,375,0,221,100,107,14,,
382,MH,Maharashtra,MH_Jalna,Jalna,1089,427,612,50,0,5,-30,32,3,,
383,MH,Maharashtra,MH_Kolhapur,Kolhapur,1385,520,840,25,0,63,49,9,5,,
384,MH,Maharashtra,MH_Latur,Latur,798,393,364,41,0,40,22,14,4,,
385,MH,Maharashtra,MH_Mumbai,Mumbai,96474,22888,67830,5467,289,1374,115,1197,62,,
386,MH,Maharashtra,MH_Mumbai Suburban,Mumbai Suburban,0,0,0,0,0,0,0,0,0,,
387,MH,Maharashtra,MH_Nagpur,Nagpur,2252,825,1404,23,0,96,96,0,0,,
388,MH,Maharashtra,MH_Nanded,Nanded,691,407,256,28,0,52,49,2,1,,
389,MH,Maharashtra,MH_Nandurbar,Nandurbar,309,126,172,11,0,27,22,5,0,,
390,MH,Maharashtra,MH_Nashik,Nashik,7932,3038,4575,319,0,269,116,140,13,,
391,MH,Maharashtra,MH_Osmanabad,Osmanabad,429,140,272,17,0,19,-2,21,0,,
0,MH,Maharashtra,MH_Other State,Other State,215,184,0,31,0,5,5,0,0,,
392,MH,Maharashtra,MH_Palghar,Palghar,10462,4916,5338,208,0,236,125,105,6,,
393,MH,Maharashtra,MH_Parbhani,Parbhani,242,103,132,7,0,15,2,13,0,,
394,MH,Maharashtra,MH_Pune,Pune,44202,25510,17492,1200,0,2110,1772,290,48,,
395,MH,Maharashtra,MH_Raigad,Raigad,9604,5192,4238,172,2,494,473,16,5,,
396,MH,Maharashtra,MH_Ratnagiri,Ratnagiri,971,301,637,33,0,55,41,13,1,,
397,MH,Maharashtra,MH_Sangli,Sangli,670,255,394,21,0,22,11,9,2,,
398,MH,Maharashtra,MH_Satara,Satara,1984,827,1086,70,1,129,113,15,1,,
399,MH,Maharashtra,MH_Sindhudurg,Sindhudurg,262,34,223,5,0,0,-3,3,0,,
400,MH,Maharashtra,MH_Solapur,Solapur,4707,2066,2273,367,1,229,179,40,10,,
401,MH,Maharashtra,MH_Thane,Thane,67360,34721,30820,1818,1,2036,715,1272,49,,
402,MH,Maharashtra,MH_Wardha,Wardha,44,28,14,1,1,0,0,0,0,,
403,MH,Maharashtra,MH_Washim,Washim,283,166,112,5,0,30,28,2,0,,
404,MH,Maharashtra,MH_Yavatmal,Yavatmal,476,147,315,14,0,7,-10,17,0,,
421,ML,Meghalaya,ML_East Garo Hills,East Garo Hills,0,0,0,0,0,0,0,0,0,,
422,ML,Meghalaya,ML_East Jaintia Hills,East Jaintia Hills,1,1,0,0,0,0,0,0,0,,
423,ML,Meghalaya,ML_East Khasi Hills,East Khasi Hills,136,118,17,1,0,0,0,0,0,,
424,ML,Meghalaya,ML_North Garo Hills,North Garo Hills,1,0,1,0,0,0,0,0,0,,
425,ML,Meghalaya,ML_Ribhoi,Ribhoi,16,16,0,0,0,0,0,0,0,,
426,ML,Meghalaya,ML_South Garo Hills,South Garo Hills,0,0,0,0,0,0,0,0,0,,
427,ML,Meghalaya,ML_South West Garo Hills,South West Garo Hills,7,1,6,0,0,0,0,0,0,,
428,ML,Meghalaya,ML_South West Khasi Hills,South West Khasi Hills,0,0,0,0,0,0,0,0,0,,
429,ML,Meghalaya,ML_West Garo Hills,West Garo Hills,8,4,4,0,0,0,0,0,0,,
430,ML,Meghalaya,ML_West Jaintia Hills,West Jaintia Hills,5,0,5,0,0,0,0,0,0,,
431,ML,Meghalaya,ML_West Khasi Hills,West Khasi Hills,1,1,0,0,0,0,0,0,0,,
405,MN,Manipur,MN_Bishnupur,Bishnupur,82,24,58,0,0,0,0,0,0,,
406,MN,Manipur,MN_Chandel,Chandel,39,35,4,0,0,0,0,0,0,,
407,MN,Manipur,MN_Churachandpur,Churachandpur,155,97,58,0,0,0,0,0,0,,
408,MN,Manipur,MN_Imphal East,Imphal East,60,44,16,0,0,0,0,0,0,,
409,MN,Manipur,MN_Imphal West,Imphal West,138,86,52,0,0,10,10,0,0,,
410,MN,Manipur,MN_Jiribam,Jiribam,71,69,2,0,0,1,1,0,0,,
411,MN,Manipur,MN_Kakching,Kakching,108,81,27,0,0,1,1,0,0,,
412,MN,Manipur,MN_Kamjong,Kamjong,127,110,17,0,0,4,4,0,0,,
413,MN,Manipur,MN_Kangpokpi,Kangpokpi,171,152,19,0,0,0,0,0,0,,
414,MN,Manipur,MN_Noney,Noney,25,7,18,0,0,0,0,0,0,,
415,MN,Manipur,MN_Pherzawl,Pherzawl,32,17,15,0,0,0,0,0,0,,
416,MN,Manipur,MN_Senapati,Senapati,181,160,21,0,0,0,0,0,0,,
417,MN,Manipur,MN_Tamenglong,Tamenglong,203,171,32,0,0,1,1,0,0,,
418,MN,Manipur,MN_Tengnoupal,Tengnoupal,14,1,13,0,0,0,0,0,0,,
419,MN,Manipur,MN_Thoubal,Thoubal,81,58,23,0,0,11,11,0,0,,
420,MN,Manipur,MN_Ukhrul,Ukhrul,213,195,18,0,0,0,0,0,0,,
317,MP,Madhya Pradesh,MP_Agar Malwa,Agar Malwa,41,23,16,2,0,6,6,0,0,,
318,MP,Madhya Pradesh,MP_Alirajpur,Alirajpur,33,25,7,1,0,1,1,0,0,,
319,MP,Madhya Pradesh,MP_Anuppur,Anuppur,32,3,29,0,0,0,0,0,0,,
320,MP,Madhya Pradesh,MP_Ashoknagar,Ashoknagar,66,16,49,1,0,1,-5,6,0,,
321,MP,Madhya Pradesh,MP_Balaghat,Balaghat,55,16,39,0,0,0,-3,3,0,,
322,MP,Madhya Pradesh,MP_Barwani,Barwani,209,66,139,4,0,5,1,4,0,,
323,MP,Madhya Pradesh,MP_Betul,Betul,137,55,81,1,0,7,-1,8,0,,
324,MP,Madhya Pradesh,MP_Bhind,Bhind,385,87,297,1,0,19,3,16,0,,
325,MP,Madhya Pradesh,MP_Bhopal,Bhopal,3782,911,2746,125,0,89,43,44,2,,
326,MP,Madhya Pradesh,MP_Burhanpur,Burhanpur,432,15,394,23,0,0,0,0,0,,
327,MP,Madhya Pradesh,MP_Chhatarpur,Chhatarpur,79,18,61,0,0,6,4,2,0,,
328,MP,Madhya Pradesh,MP_Chhindwara,Chhindwara,81,17,62,2,0,2,2,0,0,,
329,MP,Madhya Pradesh,MP_Damoh,Damoh,69,19,50,0,0,1,-6,7,0,,
330,MP,Madhya Pradesh,MP_Datia,Datia,98,47,50,1,0,24,22,2,0,,
331,MP,Madhya Pradesh,MP_Dewas,Dewas,283,52,221,10,0,14,11,3,0,,
332,MP,Madhya Pradesh,MP_Dhar,Dhar,219,39,172,8,0,9,9,0,0,,
333,MP,Madhya Pradesh,MP_Dindori,Dindori,31,1,30,0,0,0,0,0,0,,
335,MP,Madhya Pradesh,MP_Guna,Guna,40,14,24,2,0,6,3,3,0,,
336,MP,Madhya Pradesh,MP_Gwalior,Gwalior,1244,581,657,6,0,38,-28,65,1,,
337,MP,Madhya Pradesh,MP_Harda,Harda,99,55,40,4,0,8,8,0,0,,
338,MP,Madhya Pradesh,MP_Hoshangabad,Hoshangabad,60,17,39,4,0,1,1,0,0,,
339,MP,Madhya Pradesh,MP_Indore,Indore,5496,1140,4078,278,0,93,38,50,5,,
340,MP,Madhya Pradesh,MP_Jabalpur,Jabalpur,643,203,424,16,0,37,31,6,0,,
341,MP,Madhya Pradesh,MP_Jhabua,Jhabua,55,34,19,2,0,3,3,0,0,,
342,MP,Madhya Pradesh,MP_Katni,Katni,43,18,22,3,0,0,0,0,0,,
334,MP,Madhya Pradesh,MP_Khandwa,Khandwa,454,104,333,17,0,25,15,10,0,,
368,MP,Madhya Pradesh,MP_Khargone,Khargone,417,98,304,15,0,8,3,5,0,,
343,MP,Madhya Pradesh,MP_Mandla,Mandla,10,4,5,1,0,3,3,0,0,,
344,MP,Madhya Pradesh,MP_Mandsaur,Mandsaur,233,89,135,9,0,22,20,2,0,,
345,MP,Madhya Pradesh,MP_Morena,Morena,1142,429,708,5,0,68,22,46,0,,
346,MP,Madhya Pradesh,MP_Narsinghpur,Narsinghpur,42,10,31,1,0,1,1,0,0,,
347,MP,Madhya Pradesh,MP_Neemuch,Neemuch,509,48,453,8,0,10,5,5,0,,
348,MP,Madhya Pradesh,MP_Niwari,Niwari,22,11,11,0,0,3,3,0,0,,
0,MP,Madhya Pradesh,MP_Other Region,Other Region,0,0,0,0,0,0,0,0,0,,
349,MP,Madhya Pradesh,MP_Panna,Panna,58,0,58,0,0,0,0,0,0,,
350,MP,Madhya Pradesh,MP_Raisen,Raisen,124,11,108,5,0,7,7,0,0,,
351,MP,Madhya Pradesh,MP_Rajgarh,Rajgarh,150,54,89,7,0,2,2,0,0,,
352,MP,Madhya Pradesh,MP_Ratlam,Ratlam,240,47,187,6,0,7,1,6,0,,
353,MP,Madhya Pradesh,MP_Rewa,Rewa,89,26,62,1,0,3,3,0,0,,
354,MP,Madhya Pradesh,MP_Sagar,Sagar,471,64,385,22,0,8,5,3,0,,
355,MP,Madhya Pradesh,MP_Satna,Satna,59,18,39,2,0,5,5,0,0,,
356,MP,Madhya Pradesh,MP_Sehore,Sehore,61,41,17,3,0,3,-3,5,1,,
357,MP,Madhya Pradesh,MP_Seoni,Seoni,22,7,14,1,0,0,0,0,0,,
358,MP,Madhya Pradesh,MP_Shahdol,Shahdol,46,24,22,0,0,11,11,0,0,,
359,MP,Madhya Pradesh,MP_Shajapur,Shajapur,169,100,65,4,0,27,23,4,0,,
360,MP,Madhya Pradesh,MP_Sheopur,Sheopur,128,43,83,2,0,14,12,2,0,,
361,MP,Madhya Pradesh,MP_Shivpuri,Shivpuri,181,99,81,1,0,4,-9,13,0,,
362,MP,Madhya Pradesh,MP_Sidhi,Sidhi,42,20,21,1,0,0,-1,1,0,,
363,MP,Madhya Pradesh,MP_Singrauli,Singrauli,38,20,18,0,0,1,1,0,0,,
364,MP,Madhya Pradesh,MP_Tikamgarh,Tikamgarh,162,93,64,5,0,15,12,3,0,,
365,MP,Madhya Pradesh,MP_Ujjain,Ujjain,921,56,794,71,0,12,12,0,0,,
366,MP,Madhya Pradesh,MP_Umaria,Umaria,30,19,10,1,0,3,3,0,0,,
367,MP,Madhya Pradesh,MP_Vidisha,Vidisha,111,46,65,0,0,6,-3,9,0,,
432,MZ,Mizoram,MZ_Aizawl,Aizawl,92,54,38,0,0,0,0,0,0,,
433,MZ,Mizoram,MZ_Champhai,Champhai,10,1,9,0,0,0,0,0,0,,
729,MZ,Mizoram,MZ_Hnahthial,Hnahthial,0,0,0,0,0,0,0,0,0,,
730,MZ,Mizoram,MZ_Khawzawl,Khawzawl,3,0,3,0,0,0,0,0,0,,
434,MZ,Mizoram,MZ_Kolasib,Kolasib,12,1,11,0,0,0,0,0,0,,
435,MZ,Mizoram,MZ_Lawngtlai,Lawngtlai,12,4,8,0,0,0,0,0,0,,
436,MZ,Mizoram,MZ_Lunglei,Lunglei,58,11,47,0,0,0,0,0,0,,
437,MZ,Mizoram,MZ_Mamit,Mamit,20,0,20,0,0,0,0,0,0,,
438,MZ,Mizoram,MZ_Saiha,Saiha,23,6,17,0,0,0,0,0,0,,
728,MZ,Mizoram,MZ_Saitual,Saitual,3,0,3,0,0,0,0,0,0,,
439,MZ,Mizoram,MZ_Serchhip,Serchhip,5,2,3,0,0,0,0,0,0,,
0,NL,Nagaland,NL_Others,Others,46,46,0,0,0,0,0,0,0,,
440,NL,Nagaland,NL_Dimapur,Dimapur,228,198,30,0,0,6,5,1,0,,
441,NL,Nagaland,NL_Kiphire,Kiphire,4,4,0,0,0,0,0,0,0,,
442,NL,Nagaland,NL_Kohima,Kohima,110,94,16,0,0,0,-1,1,0,,
443,NL,Nagaland,NL_Longleng,Longleng,4,4,0,0,0,0,0,0,0,,
444,NL,Nagaland,NL_Mokokchung,Mokokchung,5,5,0,0,0,0,0,0,0,,
445,NL,Nagaland,NL_Mon,Mon,108,108,0,0,0,0,0,0,0,,
446,NL,Nagaland,NL_Peren,Peren,312,291,21,0,0,0,0,0,0,,
447,NL,Nagaland,NL_Phek,Phek,18,9,9,0,0,0,0,0,0,,
448,NL,Nagaland,NL_Tuensang,Tuensang,49,49,0,0,0,0,0,0,0,,
449,NL,Nagaland,NL_Wokha,Wokha,11,11,0,0,0,0,0,0,0,,
450,NL,Nagaland,NL_Zunheboto,Zunheboto,7,7,0,0,0,0,0,0,0,,
0,OR,Odisha,OR_Others,Others,0,0,0,0,0,0,0,0,0,,
451,OR,Odisha,OR_Angul,Angul,155,44,110,1,0,14,14,0,0,,
452,OR,Odisha,OR_Balangir,Balangir,270,50,220,0,0,2,-3,5,0,,
453,OR,Odisha,OR_Balasore,Balasore,615,162,451,2,0,61,30,31,0,,
454,OR,Odisha,OR_Bargarh,Bargarh,205,43,161,1,0,0,-6,6,0,,
456,OR,Odisha,OR_Bhadrak,Bhadrak,297,15,279,3,0,1,1,0,0,,
455,OR,Odisha,OR_Boudh,Boudh,62,17,45,0,0,2,2,0,0,,
457,OR,Odisha,OR_Cuttack,Cuttack,1076,237,828,11,0,16,6,10,0,,
458,OR,Odisha,OR_Deogarh,Deogarh,66,4,62,0,0,0,0,0,0,,
459,OR,Odisha,OR_Dhenkanal,Dhenkanal,106,21,85,0,0,2,2,0,0,,
460,OR,Odisha,OR_Gajapati,Gajapati,643,157,485,1,0,0,-35,35,0,,
461,OR,Odisha,OR_Ganjam,Ganjam,4621,1601,2971,49,0,286,13,270,3,,
462,OR,Odisha,OR_Jagatsinghpur,Jagatsinghpur,453,127,326,0,0,26,16,10,0,,
463,OR,Odisha,OR_Jajpur,Jajpur,919,331,587,1,0,5,-15,20,0,,
464,OR,Odisha,OR_Jharsuguda,Jharsuguda,183,50,133,0,0,1,1,0,0,,
465,OR,Odisha,OR_Kalahandi,Kalahandi,83,5,78,0,0,0,-2,2,0,,
466,OR,Odisha,OR_Kandhamal,Kandhamal,199,8,191,0,0,0,-2,2,0,,
467,OR,Odisha,OR_Kendrapara,Kendrapara,318,36,280,2,0,9,6,3,0,,
468,OR,Odisha,OR_Kendujhar,Kendujhar,345,90,254,1,0,5,-43,48,0,,
469,OR,Odisha,OR_Khordha,Khordha,1530,511,1000,19,0,107,77,28,2,,
470,OR,Odisha,OR_Koraput,Koraput,190,123,67,0,0,1,-9,10,0,,
471,OR,Odisha,OR_Malkangiri,Malkangiri,208,107,101,0,0,13,13,0,0,,
472,OR,Odisha,OR_Mayurbhanj,Mayurbhanj,397,110,285,2,0,21,6,15,0,,
473,OR,Odisha,OR_Nabarangapur,Nabarangapur,129,40,88,1,0,0,0,0,0,,
474,OR,Odisha,OR_Nayagarh,Nayagarh,286,75,211,0,0,15,-10,25,0,,
475,OR,Odisha,OR_Nuapada,Nuapada,91,9,82,0,0,0,0,0,0,,
476,OR,Odisha,OR_Puri,Puri,376,79,294,3,0,5,-1,6,0,,
477,OR,Odisha,OR_Rayagada,Rayagada,166,38,127,1,0,1,0,1,0,,
478,OR,Odisha,OR_Sambalpur,Sambalpur,125,24,101,0,0,10,9,1,0,,
479,OR,Odisha,OR_Subarnapur,Subarnapur,44,7,37,0,0,0,0,0,0,,
480,OR,Odisha,OR_Sundargarh,Sundargarh,740,200,537,3,0,15,-69,84,0,,
485,PB,Punjab,PB_Amritsar,Amritsar,1131,143,929,59,0,22,-21,40,3,,
486,PB,Punjab,PB_Barnala,Barnala,79,13,64,2,0,2,1,1,0,,
487,PB,Punjab,PB_Bathinda,Bathinda,154,55,95,4,0,3,3,0,0,,
488,PB,Punjab,PB_Faridkot,Faridkot,175,60,115,0,0,6,6,0,0,,
489,PB,Punjab,PB_Fatehgarh Sahib,Fatehgarh Sahib,178,49,127,2,0,5,3,2,0,,
490,PB,Punjab,PB_Fazilka,Fazilka,114,11,102,1,0,2,-2,4,0,,
491,PB,Punjab,PB_Ferozepur,Ferozepur,190,92,95,3,0,21,19,2,0,,
492,PB,Punjab,PB_Gurdaspur,Gurdaspur,292,31,253,8,0,1,-11,12,0,,
493,PB,Punjab,PB_Hoshiarpur,Hoshiarpur,207,23,177,7,0,3,3,0,0,,
494,PB,Punjab,PB_Jalandhar,Jalandhar,1437,642,764,31,0,92,89,0,3,,
495,PB,Punjab,PB_Kapurthala,Kapurthala,141,41,94,6,0,0,-4,4,0,,
496,PB,Punjab,PB_Ludhiana,Ludhiana,1581,535,1011,35,0,61,-63,123,1,,
497,PB,Punjab,PB_Mansa,Mansa,64,13,51,0,0,0,-1,1,0,,
498,PB,Punjab,PB_Moga,Moga,153,37,112,4,0,1,1,0,0,,
499,PB,Punjab,PB_Pathankot,Pathankot,263,33,221,9,0,7,0,6,1,,
500,PB,Punjab,PB_Patiala,Patiala,748,513,223,12,0,25,25,0,0,,
501,PB,Punjab,PB_Rupnagar,Rupnagar,143,36,106,1,0,2,2,0,0,,
502,PB,Punjab,PB_S.A.S. Nagar,S.A.S. Nagar,455,156,290,9,0,13,10,3,0,,
503,PB,Punjab,PB_Sangrur,Sangrur,672,105,546,21,0,5,4,1,0,,
504,PB,Punjab,PB_Shahid Bhagat Singh Nagar,Shahid Bhagat Singh Nagar,242,96,145,1,0,9,9,0,0,,
505,PB,Punjab,PB_Sri Muktsar Sahib,Sri Muktsar Sahib,159,16,142,1,0,6,3,3,0,,
506,PB,Punjab,PB_Tarn Taran,Tarn Taran,221,11,205,5,0,2,0,2,0,,
481,PY,Puducherry,PY_Karaikal,Karaikal,99,55,42,2,0,0,0,0,0,,
482,PY,Puducherry,PY_Mahe,Mahe,21,1,20,0,0,0,0,0,0,,
483,PY,Puducherry,PY_Puducherry,Puducherry,1431,603,809,19,0,55,-1,53,3,"23 cases(18 of TN, 1 of AP & 4 other) have been transferred,so have been reduced from the total count",
484,PY,Puducherry,PY_Yanam,Yanam,45,27,18,0,0,10,3,7,0,"2 cases of AP have been transferred,so have been reduced from the total count",
507,RJ,Rajasthan,RJ_Ajmer,Ajmer,831,244,561,26,0,41,40,0,1,,
508,RJ,Rajasthan,RJ_Alwar,Alwar,1452,804,640,8,0,164,47,117,0,,
509,RJ,Rajasthan,RJ_Banswara,Banswara,106,6,98,2,0,1,1,0,0,,
510,RJ,Rajasthan,RJ_Baran,Baran,77,8,65,4,0,1,1,0,0,,
511,RJ,Rajasthan,RJ_Barmer,Barmer,766,303,458,5,0,24,21,3,0,,
512,RJ,Rajasthan,RJ_Bharatpur,Bharatpur,2004,201,1760,43,0,9,-2,10,1,,
513,RJ,Rajasthan,RJ_Bhilwara,Bhilwara,309,36,267,6,0,9,9,0,0,,
514,RJ,Rajasthan,RJ_Bikaner,Bikaner,1066,644,401,21,0,5,-17,22,0,,
0,RJ,Rajasthan,RJ_BSF Camp,BSF Camp,54,2,52,0,0,0,0,0,0,,
515,RJ,Rajasthan,RJ_Bundi,Bundi,30,15,15,0,0,0,-1,1,0,,
516,RJ,Rajasthan,RJ_Chittorgarh,Chittorgarh,216,4,206,6,0,1,0,1,0,,
517,RJ,Rajasthan,RJ_Churu,Churu,453,101,350,2,0,11,-1,12,0,,
518,RJ,Rajasthan,RJ_Dausa,Dausa,227,30,193,4,0,3,-2,5,0,,
519,RJ,Rajasthan,RJ_Dholpur,Dholpur,877,117,747,13,0,5,3,2,0,,
520,RJ,Rajasthan,RJ_Dungarpur,Dungarpur,496,38,457,1,0,2,2,0,0,,
0,RJ,Rajasthan,RJ_Evacuees,Evacuees,61,0,61,0,0,0,0,0,0,,
521,RJ,Rajasthan,RJ_Ganganagar,Ganganagar,92,33,56,3,0,6,-2,8,0,,
522,RJ,Rajasthan,RJ_Hanumangarh,Hanumangarh,142,62,79,1,0,3,2,1,0,,
0,RJ,Rajasthan,RJ_Italians,Italians,2,0,2,0,0,0,0,0,0,,
523,RJ,Rajasthan,RJ_Jaipur,Jaipur,4097,693,3226,178,0,95,57,36,2,,
524,RJ,Rajasthan,RJ_Jaisalmer,Jaisalmer,120,7,113,0,0,2,2,0,0,,
525,RJ,Rajasthan,RJ_Jalore,Jalore,721,362,356,3,0,11,11,0,0,,
526,RJ,Rajasthan,RJ_Jhalawar,Jhalawar,385,6,379,0,0,1,0,1,0,,
527,RJ,Rajasthan,RJ_Jhunjhunu,Jhunjhunu,471,37,430,4,0,12,10,1,1,,
528,RJ,Rajasthan,RJ_Jodhpur,Jodhpur,4223,1229,2929,65,0,171,115,56,0,,
529,RJ,Rajasthan,RJ_Karauli,Karauli,160,48,108,4,0,3,0,3,0,,
530,RJ,Rajasthan,RJ_Kota,Kota,890,153,710,27,0,33,33,0,0,,
531,RJ,Rajasthan,RJ_Nagaur,Nagaur,1001,259,724,18,0,53,31,22,0,,
0,RJ,Rajasthan,RJ_Other State,Other State,167,93,41,33,0,0,0,0,0,,
532,RJ,Rajasthan,RJ_Pali,Pali,1692,427,1250,15,0,138,128,10,0,,
533,RJ,Rajasthan,RJ_Pratapgarh,Pratapgarh,151,46,104,1,0,0,0,0,0,,
534,RJ,Rajasthan,RJ_Rajsamand,Rajsamand,411,85,323,3,0,19,4,15,0,,
535,RJ,Rajasthan,RJ_Sawai Madhopur,Sawai Madhopur,137,24,104,9,0,5,3,2,0,,
536,RJ,Rajasthan,RJ_Sikar,Sikar,716,60,649,7,0,7,2,5,0,,
537,RJ,Rajasthan,RJ_Sirohi,Sirohi,700,96,596,8,0,22,22,0,0,,
538,RJ,Rajasthan,RJ_Tonk,Tonk,218,13,203,2,0,4,4,0,0,,
539,RJ,Rajasthan,RJ_Udaipur,Udaipur,916,119,789,8,0,5,4,0,1,,
540,SK,Sikkim,SK_East Sikkim,East Sikkim,155,94,48,0,13,11,11,0,0,,
541,SK,Sikkim,SK_North Sikkim,North Sikkim,1,0,1,0,0,0,0,0,0,,
542,SK,Sikkim,SK_South Sikkim,South Sikkim,44,18,26,0,0,0,0,0,0,,
543,SK,Sikkim,SK_West Sikkim,West Sikkim,22,11,11,0,0,0,0,0,0,,
0,TG,Telangana,TG_Foreign Evacuees,Foreign Evacuees,33,33,0,0,0,0,0,0,0,,District-wise numbers are out-dated as cumulative counts for each district are not reported in Telangana bulletin
0,TG,Telangana,TG_Other State,Other State,250,250,0,0,0,0,0,0,0,,District-wise numbers are out-dated as cumulative counts for each district are not reported in Telangana bulletin
576,TG,Telangana,TG_Adilabad,Adilabad,88,73,15,0,0,1,1,0,0,,District-wise numbers are out-dated as cumulative counts for each district are not reported in Telangana bulletin
577,TG,Telangana,TG_Bhadradri Kothagudem,Bhadradri Kothagudem,102,98,4,0,0,7,7,0,0,,District-wise numbers are out-dated as cumulative counts for each district are not reported in Telangana bulletin
578,TG,Telangana,TG_Hyderabad,Hyderabad,29111,28783,305,23,0,796,796,0,0,,District-wise numbers are out-dated as cumulative counts for each district are not reported in Telangana bulletin
579,TG,Telangana,TG_Jagtial,Jagtial,52,50,2,0,0,0,0,0,0,,District-wise numbers are out-dated as cumulative counts for each district are not reported in Telangana bulletin
580,TG,Telangana,TG_Jangaon,Jangaon,122,121,1,0,0,8,8,0,0,,District-wise numbers are out-dated as cumulative counts for each district are not reported in Telangana bulletin
581,TG,Telangana,TG_Jayashankar Bhupalapally,Jayashankar Bhupalapally,58,58,0,0,0,15,15,0,0,,District-wise numbers are out-dated as cumulative counts for each district are not reported in Telangana bulletin
582,TG,Telangana,TG_Jogulamba Gadwal,Jogulamba Gadwal,99,73,25,1,0,4,4,0,0,,District-wise numbers are out-dated as cumulative counts for each district are not reported in Telangana bulletin
583,TG,Telangana,TG_Kamareddy,Kamareddy,169,161,8,0,0,30,30,0,0,,District-wise numbers are out-dated as cumulative counts for each district are not reported in Telangana bulletin
584,TG,Telangana,TG_Karimnagar,Karimnagar,424,408,16,0,0,41,41,0,0,,District-wise numbers are out-dated as cumulative counts for each district are not reported in Telangana bulletin
585,TG,Telangana,TG_Khammam,Khammam,185,182,3,0,0,6,6,0,0,,District-wise numbers are out-dated as cumulative counts for each district are not reported in Telangana bulletin
586,TG,Telangana,TG_Komaram Bheem,Komaram Bheem,34,32,2,0,0,0,0,0,0,,District-wise numbers are out-dated as cumulative counts for each district are not reported in Telangana bulletin
587,TG,Telangana,TG_Mahabubabad,Mahabubabad,85,84,1,0,0,5,5,0,0,,District-wise numbers are out-dated as cumulative counts for each district are not reported in Telangana bulletin
588,TG,Telangana,TG_Mahabubnagar,Mahabubnagar,231,223,8,0,0,21,21,0,0,,District-wise numbers are out-dated as cumulative counts for each district are not reported in Telangana bulletin
589,TG,Telangana,TG_Mancherial,Mancherial,152,151,0,1,0,26,26,0,0,,District-wise numbers are out-dated as cumulative counts for each district are not reported in Telangana bulletin
590,TG,Telangana,TG_Medak,Medak,220,216,4,0,0,18,18,0,0,,District-wise numbers are out-dated as cumulative counts for each district are not reported in Telangana bulletin
591,TG,Telangana,TG_Medchal Malkajgiri,Medchal Malkajgiri,1745,1735,9,1,0,115,115,0,0,,District-wise numbers are out-dated as cumulative counts for each district are not reported in Telangana bulletin
592,TG,Telangana,TG_Mulugu,Mulugu,46,44,2,0,0,4,4,0,0,,District-wise numbers are out-dated as cumulative counts for each district are not reported in Telangana bulletin
593,TG,Telangana,TG_Nagarkurnool,Nagarkurnool,61,59,2,0,0,5,5,0,0,,District-wise numbers are out-dated as cumulative counts for each district are not reported in Telangana bulletin
594,TG,Telangana,TG_Nalgonda,Nalgonda,397,385,12,0,0,58,58,0,0,,District-wise numbers are out-dated as cumulative counts for each district are not reported in Telangana bulletin
595,TG,Telangana,TG_Narayanpet,Narayanpet,27,26,0,1,0,5,5,0,0,,District-wise numbers are out-dated as cumulative counts for each district are not reported in Telangana bulletin
596,TG,Telangana,TG_Nirmal,Nirmal,50,37,13,0,0,0,0,0,0,,District-wise numbers are out-dated as cumulative counts for each district are not reported in Telangana bulletin
597,TG,Telangana,TG_Nizamabad,Nizamabad,251,221,30,0,0,13,13,0,0,,District-wise numbers are out-dated as cumulative counts for each district are not reported in Telangana bulletin
598,TG,Telangana,TG_Peddapalli,Peddapalli,78,77,1,0,0,20,20,0,0,,District-wise numbers are out-dated as cumulative counts for each district are not reported in Telangana bulletin
599,TG,Telangana,TG_Rajanna Sircilla,Rajanna Sircilla,129,127,2,0,0,6,6,0,0,,District-wise numbers are out-dated as cumulative counts for each district are not reported in Telangana bulletin
600,TG,Telangana,TG_Ranga Reddy,Ranga Reddy,3052,3033,17,2,0,212,212,0,0,,District-wise numbers are out-dated as cumulative counts for each district are not reported in Telangana bulletin
601,TG,Telangana,TG_Sangareddy,Sangareddy,546,540,6,0,0,73,73,0,0,,District-wise numbers are out-dated as cumulative counts for each district are not reported in Telangana bulletin
602,TG,Telangana,TG_Siddipet,Siddipet,94,93,1,0,0,27,27,0,0,,District-wise numbers are out-dated as cumulative counts for each district are not reported in Telangana bulletin
603,TG,Telangana,TG_Suryapet,Suryapet,219,195,24,0,0,14,14,0,0,,District-wise numbers are out-dated as cumulative counts for each district are not reported in Telangana bulletin
604,TG,Telangana,TG_Vikarabad,Vikarabad,122,106,15,1,0,5,5,0,0,,District-wise numbers are out-dated as cumulative counts for each district are not reported in Telangana bulletin
605,TG,Telangana,TG_Wanaparthy,Wanaparthy,56,56,0,0,0,5,5,0,0,,District-wise numbers are out-dated as cumulative counts for each district are not reported in Telangana bulletin
606,TG,Telangana,TG_Warangal Rural,Warangal Rural,181,181,0,0,0,0,0,0,0,,District-wise numbers are out-dated as cumulative counts for each district are not reported in Telangana bulletin
607,TG,Telangana,TG_Warangal Urban,Warangal Urban,350,327,23,0,0,44,44,0,0,,District-wise numbers are out-dated as cumulative counts for each district are not reported in Telangana bulletin
608,TG,Telangana,TG_Yadadri Bhuvanagiri,Yadadri Bhuvanagiri,67,67,0,0,0,13,13,0,0,,District-wise numbers are out-dated as cumulative counts for each district are not reported in Telangana bulletin
0,TN,Tamil Nadu,TN_Railway Quarantine,Railway Quarantine,422,95,327,0,0,0,-1,1,0,,
0,TN,Tamil Nadu,TN_Airport Quarantine,Airport Quarantine,1044,580,463,1,0,16,5,11,0,,
0,TN,Tamil Nadu,TN_Other State,Other State,0,-3,0,3,0,0,0,0,0,,
544,TN,Tamil Nadu,TN_Ariyalur,Ariyalur,585,115,469,1,0,43,42,1,0,,
732,TN,Tamil Nadu,TN_Chengalpattu,Chengalpattu,8741,2270,6299,172,0,188,-419,604,3,,
545,TN,Tamil Nadu,TN_Chennai,Chennai,80961,15610,64036,1315,0,1299,-208,1484,23,,
546,TN,Tamil Nadu,TN_Coimbatore,Coimbatore,1591,1174,406,11,0,111,42,68,1,,
547,TN,Tamil Nadu,TN_Cuddalore,Cuddalore,1624,454,1164,6,0,59,49,10,0,,
548,TN,Tamil Nadu,TN_Dharmapuri,Dharmapuri,264,158,105,1,0,4,2,2,0,,
549,TN,Tamil Nadu,TN_Dindigul,Dindigul,1066,404,645,17,0,120,115,0,5,,
550,TN,Tamil Nadu,TN_Erode,Erode,460,253,199,8,0,9,5,3,1,,
734,TN,Tamil Nadu,TN_Kallakurichi,Kallakurichi,1979,747,1222,10,0,75,-76,147,4,,
551,TN,Tamil Nadu,TN_Kancheepuram,Kancheepuram,4255,2268,1932,55,0,164,-271,433,2,,
552,TN,Tamil Nadu,TN_Kanyakumari,Kanyakumari,1745,1135,596,14,0,132,85,43,4,,
553,TN,Tamil Nadu,TN_Karur,Karur,210,55,150,5,0,3,-2,5,0,,
554,TN,Tamil Nadu,TN_Krishnagiri,Krishnagiri,306,133,166,7,0,32,31,1,0,,
555,TN,Tamil Nadu,TN_Madurai,Madurai,7331,3347,3855,129,0,341,-852,1188,5,,
556,TN,Tamil Nadu,TN_Nagapattinam,Nagapattinam,388,192,195,1,0,5,-7,12,0,,
557,TN,Tamil Nadu,TN_Namakkal,Namakkal,212,74,137,1,0,9,-32,41,0,,
564,TN,Tamil Nadu,TN_Nilgiris,Nilgiris,277,169,107,1,0,19,19,0,0,,
558,TN,Tamil Nadu,TN_Perambalur,Perambalur,181,16,164,1,0,3,3,0,0,,
559,TN,Tamil Nadu,TN_Pudukkottai,Pudukkottai,780,308,463,9,0,51,2,49,0,,
560,TN,Tamil Nadu,TN_Ramanathapuram,Ramanathapuram,2076,812,1225,39,0,120,87,32,1,,
733,TN,Tamil Nadu,TN_Ranipet,Ranipet,1711,784,914,13,0,66,-52,118,0,,
561,TN,Tamil Nadu,TN_Salem,Salem,2053,989,1055,9,0,27,-4,31,0,,
562,TN,Tamil Nadu,TN_Sivaganga,Sivaganga,1103,504,578,21,0,100,70,27,3,,
731,TN,Tamil Nadu,TN_Tenkasi,Tenkasi,842,514,325,3,0,18,18,0,0,,
563,TN,Tamil Nadu,TN_Thanjavur,Thanjavur,809,358,439,12,0,71,53,17,1,,
565,TN,Tamil Nadu,TN_Theni,Theni,1975,1229,724,22,0,59,17,40,2,,
566,TN,Tamil Nadu,TN_Thiruvallur,Thiruvallur,7573,3104,4335,134,0,281,99,181,1,,
567,TN,Tamil Nadu,TN_Thiruvarur,Thiruvarur,795,315,479,1,0,9,8,1,0,,
568,TN,Tamil Nadu,TN_Thoothukkudi,Thoothukkudi,2766,1619,1128,19,0,269,260,7,2,,
569,TN,Tamil Nadu,TN_Tiruchirappalli,Tiruchirappalli,1814,767,1020,27,0,99,43,56,0,,
570,TN,Tamil Nadu,TN_Tirunelveli,Tirunelveli,2098,1119,968,11,0,163,130,33,0,,
735,TN,Tamil Nadu,TN_Tirupathur,Tirupathur,478,205,272,1,0,17,17,0,0,,
571,TN,Tamil Nadu,TN_Tiruppur,Tiruppur,342,152,186,4,0,23,22,1,0,,
572,TN,Tamil Nadu,TN_Tiruvannamalai,Tiruvannamalai,3349,1376,1948,25,0,125,24,100,1,,
573,TN,Tamil Nadu,TN_Vellore,Vellore,3191,1644,1533,14,0,93,-100,189,4,,
574,TN,Tamil Nadu,TN_Viluppuram,Viluppuram,1820,721,1077,22,0,97,52,43,2,,
575,TN,Tamil Nadu,TN_Virudhunagar,Virudhunagar,2603,1577,1004,22,0,176,152,21,3,,
609,TR,Tripura,TR_Dhalai,Dhalai,296,50,245,0,1,13,10,3,0,,
610,TR,Tripura,TR_Gomati,Gomati,331,122,208,0,1,25,-3,28,0,,
611,TR,Tripura,TR_Khowai,Khowai,215,133,80,2,0,0,-1,0,1,,
612,TR,Tripura,TR_North Tripura,North Tripura,115,62,47,0,6,20,16,4,0,,
613,TR,Tripura,TR_Sipahijala,Sipahijala,673,84,589,0,0,15,13,2,0,,
614,TR,Tripura,TR_South Tripura,South Tripura,174,36,137,0,1,6,4,2,0,,
615,TR,Tripura,TR_Unokoti,Unokoti,93,20,73,0,0,3,3,0,0,,
616,TR,Tripura,TR_West Tripura,West Tripura,380,157,217,1,5,12,-7,19,0,,
617,UP,Uttar Pradesh,UP_Agra,Agra,1424,159,1170,95,0,10,-2,12,0,,
618,UP,Uttar Pradesh,UP_Aligarh,Aligarh,808,385,398,25,0,10,7,3,0,,
619,UP,Uttar Pradesh,UP_Ambedkar Nagar,Ambedkar Nagar,145,19,121,5,0,2,-4,5,1,,
620,UP,Uttar Pradesh,UP_Amethi,Amethi,319,11,307,1,0,2,-3,5,0,,
621,UP,Uttar Pradesh,UP_Amroha,Amroha,239,113,118,8,0,1,-2,0,3,,
622,UP,Uttar Pradesh,UP_Auraiya,Auraiya,128,22,104,2,0,9,8,1,0,,
765,UP,Uttar Pradesh,UP_Ayodhya,Ayodhya,527,221,300,6,0,34,13,20,1,,
623,UP,Uttar Pradesh,UP_Azamgarh,Azamgarh,401,126,266,9,0,16,2,14,0,,
624,UP,Uttar Pradesh,UP_Baghpat,Baghpat,474,136,331,7,0,5,-2,7,0,,
625,UP,Uttar Pradesh,UP_Bahraich,Bahraich,177,43,133,1,0,4,4,0,0,,
626,UP,Uttar Pradesh,UP_Ballia,Ballia,544,349,192,3,0,73,72,1,0,,
627,UP,Uttar Pradesh,UP_Balrampur,Balrampur,118,30,85,3,0,0,0,0,0,,
628,UP,Uttar Pradesh,UP_Banda,Banda,92,41,51,0,0,14,9,5,0,,
629,UP,Uttar Pradesh,UP_Barabanki,Barabanki,645,205,437,3,0,17,-7,24,0,,
630,UP,Uttar Pradesh,UP_Bareilly,Bareilly,704,408,277,19,0,47,45,2,0,,
631,UP,Uttar Pradesh,UP_Basti,Basti,460,92,351,17,0,3,-3,5,1,,
632,UP,Uttar Pradesh,UP_Bhadohi,Bhadohi,228,81,146,1,0,3,-3,6,0,,
633,UP,Uttar Pradesh,UP_Bijnor,Bijnor,436,107,323,6,0,17,13,4,0,,
634,UP,Uttar Pradesh,UP_Budaun,Budaun,243,79,162,2,0,1,-11,12,0,,
635,UP,Uttar Pradesh,UP_Bulandshahr,Bulandshahr,963,243,696,24,0,20,-31,51,0,,
636,UP,Uttar Pradesh,UP_Chandauli,Chandauli,320,155,161,4,0,14,5,9,0,,
637,UP,Uttar Pradesh,UP_Chitrakoot,Chitrakoot,109,9,98,2,0,2,2,0,0,,
638,UP,Uttar Pradesh,UP_Deoria,Deoria,495,242,249,4,0,27,5,22,0,,
639,UP,Uttar Pradesh,UP_Etah,Etah,176,56,110,10,0,0,0,0,0,,
640,UP,Uttar Pradesh,UP_Etawah,Etawah,422,121,283,18,0,11,6,5,0,,
642,UP,Uttar Pradesh,UP_Farrukhabad,Farrukhabad,291,100,182,9,0,22,21,0,1,,
643,UP,Uttar Pradesh,UP_Fatehpur,Fatehpur,245,85,155,5,0,11,9,1,1,,
644,UP,Uttar Pradesh,UP_Firozabad,Firozabad,581,47,501,33,0,6,4,1,1,,
645,UP,Uttar Pradesh,UP_Gautam Buddha Nagar,Gautam Buddha Nagar,3719,873,2811,35,0,105,22,83,0,,
646,UP,Uttar Pradesh,UP_Ghaziabad,Ghaziabad,3600,1407,2131,62,0,142,112,30,0,,
647,UP,Uttar Pradesh,UP_Ghazipur,Ghazipur,426,56,364,6,0,14,13,1,0,,
648,UP,Uttar Pradesh,UP_Gonda,Gonda,242,61,174,7,0,4,3,1,0,,
649,UP,Uttar Pradesh,UP_Gorakhpur,Gorakhpur,815,356,441,18,0,42,31,10,1,,
650,UP,Uttar Pradesh,UP_Hamirpur,Hamirpur,128,41,85,2,0,7,6,1,0,,
651,UP,Uttar Pradesh,UP_Hapur,Hapur,934,230,686,18,0,6,0,6,0,,
652,UP,Uttar Pradesh,UP_Hardoi,Hardoi,396,157,232,7,0,19,19,0,0,,
653,UP,Uttar Pradesh,UP_Hathras,Hathras,218,28,186,4,0,6,6,0,0,,
654,UP,Uttar Pradesh,UP_Jalaun,Jalaun,214,22,184,8,0,1,1,0,0,,
655,UP,Uttar Pradesh,UP_Jaunpur,Jaunpur,738,192,537,9,0,12,-7,19,0,,
656,UP,Uttar Pradesh,UP_Jhansi,Jhansi,803,530,231,42,0,66,34,29,3,,
657,UP,Uttar Pradesh,UP_Kannauj,Kannauj,355,99,253,3,0,10,5,5,0,,
658,UP,Uttar Pradesh,UP_Kanpur Dehat,Kanpur Dehat,89,24,64,1,0,3,3,0,0,,
659,UP,Uttar Pradesh,UP_Kanpur Nagar,Kanpur Nagar,2000,737,1170,93,0,88,50,35,3,,
660,UP,Uttar Pradesh,UP_Kasganj,Kasganj,208,107,101,0,0,18,16,2,0,,
661,UP,Uttar Pradesh,UP_Kaushambi,Kaushambi,244,97,146,1,0,18,1,17,0,,
663,UP,Uttar Pradesh,UP_Kushinagar,Kushinagar,320,168,145,7,0,10,8,1,1,,
662,UP,Uttar Pradesh,UP_Lakhimpur Kheri,Lakhimpur Kheri,192,68,124,0,0,11,2,9,0,,
664,UP,Uttar Pradesh,UP_Lalitpur,Lalitpur,62,50,9,3,0,2,-1,3,0,,
665,UP,Uttar Pradesh,UP_Lucknow,Lucknow,2927,1728,1159,40,0,197,137,56,4,,
667,UP,Uttar Pradesh,UP_Maharajganj,Maharajganj,296,103,190,3,0,4,-9,13,0,,
666,UP,Uttar Pradesh,UP_Mahoba,Mahoba,98,37,59,2,0,6,6,0,0,,
668,UP,Uttar Pradesh,UP_Mainpuri,Mainpuri,372,99,262,11,0,12,12,0,0,,
669,UP,Uttar Pradesh,UP_Mathura,Mathura,560,184,351,25,0,15,-2,17,0,,
670,UP,Uttar Pradesh,UP_Mau,Mau,292,182,106,4,0,15,4,11,0,,
671,UP,Uttar Pradesh,UP_Meerut,Meerut,1661,494,1074,93,0,67,20,47,0,,
672,UP,Uttar Pradesh,UP_Mirzapur,Mirzapur,266,119,144,3,0,7,-5,12,0,,
673,UP,Uttar Pradesh,UP_Moradabad,Moradabad,825,313,480,32,0,31,13,17,1,,
674,UP,Uttar Pradesh,UP_Muzaffarnagar,Muzaffarnagar,477,176,286,15,0,20,19,0,1,,
675,UP,Uttar Pradesh,UP_Pilibhit,Pilibhit,190,44,146,0,0,1,-6,7,0,,
676,UP,Uttar Pradesh,UP_Pratapgarh,Pratapgarh,151,29,112,10,0,7,5,2,0,,
677,UP,Uttar Pradesh,UP_Prayagraj,Prayagraj,691,286,381,24,0,29,9,20,0,,
678,UP,Uttar Pradesh,UP_Rae Bareli,Rae Bareli,199,55,140,4,0,8,6,2,0,,
679,UP,Uttar Pradesh,UP_Rampur,Rampur,467,92,368,7,0,11,5,5,1,,
680,UP,Uttar Pradesh,UP_Saharanpur,Saharanpur,586,150,432,4,0,13,5,7,1,,
681,UP,Uttar Pradesh,UP_Sambhal,Sambhal,638,246,380,12,0,49,29,19,1,,
682,UP,Uttar Pradesh,UP_Sant Kabir Nagar,Sant Kabir Nagar,465,186,272,7,0,20,7,13,0,,
683,UP,Uttar Pradesh,UP_Shahjahanpur,Shahjahanpur,247,114,132,1,0,28,26,2,0,,
684,UP,Uttar Pradesh,UP_Shamli,Shamli,229,53,171,5,0,13,8,4,1,,
685,UP,Uttar Pradesh,UP_Shrawasti,Shrawasti,96,25,69,2,0,5,4,1,0,,
686,UP,Uttar Pradesh,UP_Siddharthnagar,Siddharthnagar,332,63,259,10,0,15,9,6,0,,
687,UP,Uttar Pradesh,UP_Sitapur,Sitapur,108,46,61,1,0,9,9,0,0,,
688,UP,Uttar Pradesh,UP_Sonbhadra,Sonbhadra,141,99,41,1,0,36,36,0,0,,
689,UP,Uttar Pradesh,UP_Sultanpur,Sultanpur,275,74,193,8,0,21,19,1,1,,
690,UP,Uttar Pradesh,UP_Unnao,Unnao,360,169,187,4,0,8,-2,9,1,,
691,UP,Uttar Pradesh,UP_Varanasi,Varanasi,1017,474,507,36,0,47,23,24,0,,
692,UT,Uttarakhand,UT_Almora,Almora,203,4,196,2,1,0,-4,4,0,,
693,UT,Uttarakhand,UT_Bageshwar,Bageshwar,95,2,92,1,0,0,0,0,0,,
694,UT,Uttarakhand,UT_Chamoli,Chamoli,78,2,76,0,0,0,0,0,0,,
695,UT,Uttarakhand,UT_Champawat,Champawat,72,16,55,1,0,1,-1,2,0,,
696,UT,Uttarakhand,UT_Dehradun,Dehradun,936,188,698,28,22,47,15,32,0,,
697,UT,Uttarakhand,UT_Haridwar,Haridwar,404,90,306,0,8,5,4,1,0,,
698,UT,Uttarakhand,UT_Nainital,Nainital,607,149,450,7,1,24,20,4,0,,
699,UT,Uttarakhand,UT_Pauri Garhwal,Pauri Garhwal,173,17,151,4,1,1,-5,6,0,,
700,UT,Uttarakhand,UT_Pithoragarh,Pithoragarh,77,12,65,0,0,7,7,0,0,,
701,UT,Uttarakhand,UT_Rudraprayag,Rudraprayag,67,1,65,1,0,0,0,0,0,,
702,UT,Uttarakhand,UT_Tehri Garhwal,Tehri Garhwal,437,16,419,2,0,0,0,0,0,,
703,UT,Uttarakhand,UT_Udham Singh Nagar,Udham Singh Nagar,534,239,292,3,0,6,-15,21,0,,
704,UT,Uttarakhand,UT_Uttarkashi,Uttarkashi,102,18,83,1,0,8,-3,11,0,,
705,WB,West Bengal,WB_Alipurduar,Alipurduar,207,19,188,0,0,1,1,0,0,,
706,WB,West Bengal,WB_Bankura,Bankura,334,62,272,0,0,9,2,7,0,,
707,WB,West Bengal,WB_Birbhum,Birbhum,341,30,308,3,0,3,3,0,0,,
708,WB,West Bengal,WB_Cooch Behar,Cooch Behar,365,51,314,0,0,5,1,4,0,,
709,WB,West Bengal,WB_Dakshin Dinajpur,Dakshin Dinajpur,455,171,282,2,0,44,-8,52,0,,
710,WB,West Bengal,WB_Darjeeling,Darjeeling,1015,370,632,13,0,64,23,41,0,,
711,WB,West Bengal,WB_Hooghly,Hooghly,1687,494,1160,33,0,74,46,27,1,,
712,WB,West Bengal,WB_Howrah,Howrah,4390,1328,2925,137,0,151,71,77,3,,
713,WB,West Bengal,WB_Jalpaiguri,Jalpaiguri,594,195,396,3,0,13,7,6,0,,
714,WB,West Bengal,WB_Jhargram,Jhargram,25,0,25,0,0,0,0,0,0,,
715,WB,West Bengal,WB_Kalimpong,Kalimpong,59,3,55,1,0,0,0,0,0,,
716,WB,West Bengal,WB_Kolkata,Kolkata,10975,4304,6146,525,0,425,191,225,9,,
717,WB,West Bengal,WB_Malda,Malda,1384,536,841,7,0,121,84,37,0,,
719,WB,West Bengal,WB_Murshidabad,Murshidabad,402,121,276,5,0,17,10,7,0,,
720,WB,West Bengal,WB_Nadia,Nadia,455,105,342,8,0,10,5,5,0,,
721,WB,West Bengal,WB_North 24 Parganas,North 24 Parganas,6632,2980,3466,186,0,347,200,141,6,,
0,WB,West Bengal,WB_Other State,Other State,66,0,63,3,0,0,0,0,0,,
722,WB,West Bengal,WB_Paschim Bardhaman,Paschim Bardhaman,261,99,155,7,0,18,14,3,1,,
718,WB,West Bengal,WB_Paschim Medinipur,Paschim Medinipur,591,175,407,9,0,26,16,10,0,,
723,WB,West Bengal,WB_Purba Bardhaman,Purba Bardhaman,284,91,190,3,0,9,0,9,0,,
724,WB,West Bengal,WB_Purba Medinipur,Purba Medinipur,665,259,398,8,0,60,43,17,0,,
725,WB,West Bengal,WB_Purulia,Purulia,118,16,102,0,0,2,1,1,0,,
726,WB,West Bengal,WB_South 24 Parganas,South 24 Parganas,2640,1195,1399,46,0,174,102,72,0,,
727,WB,West Bengal,WB_Uttar Dinajpur,Uttar Dinajpur,482,143,338,1,0,16,8,8,0,,
728,AN,Andaman and Nicobar Islands,AN_Unknown,Unknown,124,27,97,0,0,0,0,0,0,,
729,AP,Andhra Pradesh,AP_Unknown,Unknown,0,0,0,0,0,0,0,0,0,,
730,AR,Arunachal Pradesh,AR_Unknown,Unknown,0,0,0,0,0,0,0,0,0,,
731,AS,Assam,AS_Unknown,Unknown,3786,-119,3893,9,3,0,0,0,0,,
732,BR,Bihar,BR_Unknown,Unknown,0,0,0,0,0,0,0,0,0,,
733,CH,Chandigarh,CH_Unknown,Unknown,0,0,0,0,0,0,0,0,0,,
734,CT,Chhattisgarh,CT_Unknown,Unknown,0,0,0,0,0,0,0,0,0,,
735,DN,Dadra and Nagar Haveli and Daman and Diu,DN_Unknown,Unknown,0,0,0,0,0,0,0,0,0,,
737,DL,Delhi,DL_Unknown,Unknown,116205,17020,95699,3486,0,0,0,0,0,,
738,GA,Goa,GA_Unknown,Unknown,671,0,671,0,0,0,0,0,0,,
739,GJ,Gujarat,GJ_Unknown,Unknown,0,0,0,0,0,0,0,0,0,,
740,HR,Haryana,HR_Unknown,Unknown,0,0,0,0,0,0,0,0,0,,
741,HP,Himachal Pradesh,HP_Unknown,Unknown,0,0,0,0,0,0,0,0,0,,
742,JK,Jammu and Kashmir,JK_Unknown,Unknown,0,0,0,0,0,0,0,0,0,,
743,JH,Jharkhand,JH_Unknown,Unknown,0,0,0,0,0,0,0,0,0,,
744,KA,Karnataka,KA_Unknown,Unknown,0,-1,0,1,0,0,0,0,0,,
745,KL,Kerala,KL_Unknown,Unknown,0,0,0,0,0,0,0,0,0,,
746,LA,Ladakh,LA_Unknown,Unknown,0,0,0,0,0,0,0,0,0,,
747,LD,Lakshadweep,LD_Unknown,Unknown,0,0,0,0,0,0,0,0,0,,
748,MP,Madhya Pradesh,MP_Unknown,Unknown,0,0,0,0,0,0,0,0,0,,
749,MH,Maharashtra,MH_Unknown,Unknown,0,0,0,0,0,0,0,0,0,,
750,MN,Manipur,MN_Unknown,Unknown,0,-687,687,0,0,0,0,0,0,,
751,ML,Meghalaya,ML_Unknown,Unknown,162,148,13,1,0,0,0,0,0,,
752,MZ,Mizoram,MZ_Unknown,Unknown,0,0,0,0,0,0,0,0,0,,
753,NL,Nagaland,NL_Unknown,Unknown,0,-272,272,0,0,0,0,0,0,,
754,OR,Odisha,OR_Unknown,Unknown,0,0,0,0,0,0,0,0,0,,
755,PY,Puducherry,PY_Unknown,Unknown,0,0,0,0,0,0,0,0,0,,
756,PB,Punjab,PB_Unknown,Unknown,0,0,0,0,0,0,0,0,0,,
757,RJ,Rajasthan,RJ_Unknown,Unknown,0,0,0,0,0,0,0,0,0,,
758,SK,Sikkim,SK_Unknown,Unknown,0,-1,1,0,0,0,0,0,0,,
759,TN,Tamil Nadu,TN_Unknown,Unknown,0,0,0,0,0,0,0,0,0,,
760,TG,Telangana,TG_Unknown,Unknown,456,-25348,25448,356,0,0,0,0,0,,
761,TR,Tripura,TR_Unknown,Unknown,4,-4,8,0,0,0,0,0,0,,
762,UP,Uttar Pradesh,UP_Unknown,Unknown,0,0,0,0,0,0,0,0,0,,
763,UT,Uttarakhand,UT_Unknown,Unknown,0,0,0,0,0,0,0,0,0,,
764,WB,West Bengal,WB_Unknown,Unknown,0,0,0,0,0,0,0,0,0,,
